insert into regalreihe (reihe_id) values (1);
insert into regalreihe (reihe_id) values (2);

insert into regal (regal_id, reihe_id) values (1, 1);
insert into regal (regal_id, reihe_id) values (2, 1);
insert into regal (regal_id, reihe_id) values (3, 1);
insert into regal (regal_id, reihe_id) values (4, 1);
insert into regal (regal_id, reihe_id) values (5, 1);

insert into regal (regal_id, reihe_id) values (6, 2);
insert into regal (regal_id, reihe_id) values (7, 2);
insert into regal (regal_id, reihe_id) values (8, 2);
insert into regal (regal_id, reihe_id) values (9, 2);
insert into regal (regal_id, reihe_id) values (10, 2);

insert into tablar (regal_id, tablar_id) values (1, 1);
insert into tablar (regal_id, tablar_id) values (1, 2);
insert into tablar (regal_id, tablar_id) values (1, 3);
insert into tablar (regal_id, tablar_id) values (1, 4);
insert into tablar (regal_id, tablar_id) values (1, 5);
insert into tablar (regal_id, tablar_id) values (1, 6);
insert into tablar (regal_id, tablar_id) values (1, 7);
insert into tablar (regal_id, tablar_id) values (1, 8);
insert into tablar (regal_id, tablar_id) values (1, 9);
insert into tablar (regal_id, tablar_id) values (1, 10);

insert into tablar (regal_id, tablar_id) values (2, 11);
insert into tablar (regal_id, tablar_id) values (2, 12);
insert into tablar (regal_id, tablar_id) values (2, 13);
insert into tablar (regal_id, tablar_id) values (2, 14);
insert into tablar (regal_id, tablar_id) values (2, 15);
insert into tablar (regal_id, tablar_id) values (2, 16);
insert into tablar (regal_id, tablar_id) values (2, 17);
insert into tablar (regal_id, tablar_id) values (2, 18);
insert into tablar (regal_id, tablar_id) values (2, 19);
insert into tablar (regal_id, tablar_id) values (2, 20);

insert into tablar (regal_id, tablar_id) values (3, 21);
insert into tablar (regal_id, tablar_id) values (3, 22);
insert into tablar (regal_id, tablar_id) values (3, 23);
insert into tablar (regal_id, tablar_id) values (3, 24);
insert into tablar (regal_id, tablar_id) values (3, 25);
insert into tablar (regal_id, tablar_id) values (3, 26);
insert into tablar (regal_id, tablar_id) values (3, 27);
insert into tablar (regal_id, tablar_id) values (3, 28);
insert into tablar (regal_id, tablar_id) values (3, 29);
insert into tablar (regal_id, tablar_id) values (3, 30);

insert into tablar (regal_id, tablar_id) values (4, 31);
insert into tablar (regal_id, tablar_id) values (4, 32);
insert into tablar (regal_id, tablar_id) values (4, 33);
insert into tablar (regal_id, tablar_id) values (4, 34);
insert into tablar (regal_id, tablar_id) values (4, 35);
insert into tablar (regal_id, tablar_id) values (4, 36);
insert into tablar (regal_id, tablar_id) values (4, 37);
insert into tablar (regal_id, tablar_id) values (4, 38);
insert into tablar (regal_id, tablar_id) values (4, 39);
insert into tablar (regal_id, tablar_id) values (4, 40);

insert into tablar (regal_id, tablar_id) values (5, 41);
insert into tablar (regal_id, tablar_id) values (5, 42);
insert into tablar (regal_id, tablar_id) values (5, 43);
insert into tablar (regal_id, tablar_id) values (5, 44);
insert into tablar (regal_id, tablar_id) values (5, 45);
insert into tablar (regal_id, tablar_id) values (5, 46);
insert into tablar (regal_id, tablar_id) values (5, 47);
insert into tablar (regal_id, tablar_id) values (5, 48);
insert into tablar (regal_id, tablar_id) values (5, 49);
insert into tablar (regal_id, tablar_id) values (5, 50);

insert into tablar (regal_id, tablar_id) values (6, 51);
insert into tablar (regal_id, tablar_id) values (6, 52);
insert into tablar (regal_id, tablar_id) values (6, 53);
insert into tablar (regal_id, tablar_id) values (6, 54);
insert into tablar (regal_id, tablar_id) values (6, 55);
insert into tablar (regal_id, tablar_id) values (6, 56);
insert into tablar (regal_id, tablar_id) values (6, 57);
insert into tablar (regal_id, tablar_id) values (6, 58);
insert into tablar (regal_id, tablar_id) values (6, 59);
insert into tablar (regal_id, tablar_id) values (6, 60);

insert into tablar (regal_id, tablar_id) values (7, 61);
insert into tablar (regal_id, tablar_id) values (7, 62);
insert into tablar (regal_id, tablar_id) values (7, 63);
insert into tablar (regal_id, tablar_id) values (7, 64);
insert into tablar (regal_id, tablar_id) values (7, 65);
insert into tablar (regal_id, tablar_id) values (7, 66);
insert into tablar (regal_id, tablar_id) values (7, 67);
insert into tablar (regal_id, tablar_id) values (7, 68);
insert into tablar (regal_id, tablar_id) values (7, 69);
insert into tablar (regal_id, tablar_id) values (7, 70);

insert into tablar (regal_id, tablar_id) values (8, 71);
insert into tablar (regal_id, tablar_id) values (8, 72);
insert into tablar (regal_id, tablar_id) values (8, 73);
insert into tablar (regal_id, tablar_id) values (8, 74);
insert into tablar (regal_id, tablar_id) values (8, 75);
insert into tablar (regal_id, tablar_id) values (8, 76);
insert into tablar (regal_id, tablar_id) values (8, 77);
insert into tablar (regal_id, tablar_id) values (8, 78);
insert into tablar (regal_id, tablar_id) values (8, 79);
insert into tablar (regal_id, tablar_id) values (8, 80);

insert into tablar (regal_id, tablar_id) values (9, 81);
insert into tablar (regal_id, tablar_id) values (9, 82);
insert into tablar (regal_id, tablar_id) values (9, 83);
insert into tablar (regal_id, tablar_id) values (9, 84);
insert into tablar (regal_id, tablar_id) values (9, 85);
insert into tablar (regal_id, tablar_id) values (9, 86);
insert into tablar (regal_id, tablar_id) values (9, 87);
insert into tablar (regal_id, tablar_id) values (9, 88);
insert into tablar (regal_id, tablar_id) values (9, 89);
insert into tablar (regal_id, tablar_id) values (9, 90);

insert into tablar (regal_id, tablar_id) values (10, 91);
insert into tablar (regal_id, tablar_id) values (10, 92);
insert into tablar (regal_id, tablar_id) values (10, 93);
insert into tablar (regal_id, tablar_id) values (10, 94);
insert into tablar (regal_id, tablar_id) values (10, 95);
insert into tablar (regal_id, tablar_id) values (10, 96);
insert into tablar (regal_id, tablar_id) values (10, 97);
insert into tablar (regal_id, tablar_id) values (10, 98);
insert into tablar (regal_id, tablar_id) values (10, 99);
insert into tablar (regal_id, tablar_id) values (10, 100);

insert into menge (menge_id, masseinheit) values (1, 'kg');
insert into menge (menge_id, masseinheit) values (2, 'mg');
insert into menge (menge_id, masseinheit) values (3, 'Liter');
insert into menge (menge_id, masseinheit) values (4, 'Stück');
insert into menge (menge_id, masseinheit) values (5, 'ml');

insert into produkt (produkt_id, tablar_id, menge_id, name, ablaufdatum, gekühlt) values (1, 1, 1, 'Ice Cream - Fudge Bars', '2021-08-31 10:19:19', false);
insert into produkt (produkt_id, tablar_id, menge_id, name, ablaufdatum, gekühlt) values (2, 2, 1, 'Wine - Peller Estates Late', '2022-01-26 23:49:19', false);
insert into produkt (produkt_id, tablar_id, menge_id, name, ablaufdatum, gekühlt) values (3, 3, 5, 'Beef - Sushi Flat Iron Steak', '2021-09-27 23:49:03', true);
insert into produkt (produkt_id, tablar_id, menge_id, name, ablaufdatum, gekühlt) values (4, 4, 3, 'Pastry - Mini French Pastries', '2021-10-12 04:55:42', true);
insert into produkt (produkt_id, tablar_id, menge_id, name, ablaufdatum, gekühlt) values (5, 5, 3, 'Jam - Strawberry, 20 Ml Jar', '2021-03-30 09:26:12', true);
insert into produkt (produkt_id, tablar_id, menge_id, name, ablaufdatum, gekühlt) values (6, 6, 1, 'Soup - Campbells, Classic Chix', '2021-04-03 04:38:40', true);
insert into produkt (produkt_id, tablar_id, menge_id, name, ablaufdatum, gekühlt) values (7, 7, 3, 'Coffee Cup 12oz 5342cd', '2021-10-10 01:51:29', true);
insert into produkt (produkt_id, tablar_id, menge_id, name, ablaufdatum, gekühlt) values (8, 8, 1, 'Lettuce - Romaine', '2021-11-13 08:26:00', false);
insert into produkt (produkt_id, tablar_id, menge_id, name, ablaufdatum, gekühlt) values (9, 9, 3, 'Ecolab Digiclean Mild Fm', '2021-08-21 10:20:21', true);
insert into produkt (produkt_id, tablar_id, menge_id, name, ablaufdatum, gekühlt) values (10, 10, 4, 'Beef - Texas Style Burger', '2021-03-20 09:14:06', false);
insert into produkt (produkt_id, tablar_id, menge_id, name, ablaufdatum, gekühlt) values (11, 11, 5, 'Salt - Table', '2021-10-17 18:48:27', false);
insert into produkt (produkt_id, tablar_id, menge_id, name, ablaufdatum, gekühlt) values (12, 12, 4, 'Danishes - Mini Raspberry', '2021-05-31 16:37:00', true);
insert into produkt (produkt_id, tablar_id, menge_id, name, ablaufdatum, gekühlt) values (13, 13, 2, 'Southern Comfort', '2021-07-31 03:25:05', true);
insert into produkt (produkt_id, tablar_id, menge_id, name, ablaufdatum, gekühlt) values (14, 14, 1, 'Butcher Twine 4r', '2021-05-09 16:18:09', true);
insert into produkt (produkt_id, tablar_id, menge_id, name, ablaufdatum, gekühlt) values (15, 15, 2, 'Nantucket - Pomegranate Pear', '2021-12-15 14:52:26', true);
insert into produkt (produkt_id, tablar_id, menge_id, name, ablaufdatum, gekühlt) values (16, 16, 3, 'Yogurt - Assorted Pack', '2021-05-25 03:13:32', true);
insert into produkt (produkt_id, tablar_id, menge_id, name, ablaufdatum, gekühlt) values (17, 17, 5, 'Spoon - Soup, Plastic', '2022-01-16 22:52:09', true);
insert into produkt (produkt_id, tablar_id, menge_id, name, ablaufdatum, gekühlt) values (18, 18, 2, 'Bread - French Baquette', '2021-06-15 17:06:09', true);
insert into produkt (produkt_id, tablar_id, menge_id, name, ablaufdatum, gekühlt) values (19, 19, 4, 'Veal - Kidney', '2022-01-03 22:43:10', false);
insert into produkt (produkt_id, tablar_id, menge_id, name, ablaufdatum, gekühlt) values (20, 20, 2, 'Shiratamako - Rice Flour', '2021-11-21 23:34:57', true);
insert into produkt (produkt_id, tablar_id, menge_id, name, ablaufdatum, gekühlt) values (21, 21, 5, 'Pasta - Cappellini, Dry', '2021-04-11 09:28:31', false);
insert into produkt (produkt_id, tablar_id, menge_id, name, ablaufdatum, gekühlt) values (22, 22, 1, 'Bread - Multigrain Oval', '2021-08-21 07:48:55', true);
insert into produkt (produkt_id, tablar_id, menge_id, name, ablaufdatum, gekühlt) values (23, 23, 2, 'Muffin - Mix - Strawberry Rhubarb', '2021-10-13 04:34:18', true);
insert into produkt (produkt_id, tablar_id, menge_id, name, ablaufdatum, gekühlt) values (24, 24, 3, 'Soup - Campbells Mushroom', '2022-01-26 06:09:19', true);
insert into produkt (produkt_id, tablar_id, menge_id, name, ablaufdatum, gekühlt) values (25, 25, 1, 'Cheese - Parmesan Cubes', '2021-04-12 23:57:52', false);
insert into produkt (produkt_id, tablar_id, menge_id, name, ablaufdatum, gekühlt) values (26, 26, 4, 'Fish - Soup Base, Bouillon', '2021-07-05 20:33:09', false);
insert into produkt (produkt_id, tablar_id, menge_id, name, ablaufdatum, gekühlt) values (27, 27, 5, 'Blueberries', '2021-06-02 02:48:24', true);
insert into produkt (produkt_id, tablar_id, menge_id, name, ablaufdatum, gekühlt) values (28, 28, 5, 'Crab - Dungeness, Whole, live', '2021-11-01 16:52:42', true);
insert into produkt (produkt_id, tablar_id, menge_id, name, ablaufdatum, gekühlt) values (29, 29, 4, 'Chef Hat 20cm', '2021-02-13 06:40:58', false);
insert into produkt (produkt_id, tablar_id, menge_id, name, ablaufdatum, gekühlt) values (30, 30, 5, 'Flower - Daisies', '2021-11-15 06:46:50', true);
insert into produkt (produkt_id, tablar_id, menge_id, name, ablaufdatum, gekühlt) values (31, 31, 3, 'Bread - Olive Dinner Roll', '2022-01-11 13:00:45', false);
insert into produkt (produkt_id, tablar_id, menge_id, name, ablaufdatum, gekühlt) values (32, 32, 5, 'Bread - Roll, Calabrese', '2021-12-24 23:25:17', false);
insert into produkt (produkt_id, tablar_id, menge_id, name, ablaufdatum, gekühlt) values (33, 33, 2, 'Muffin Mix - Corn Harvest', '2022-01-05 00:11:51', false);
insert into produkt (produkt_id, tablar_id, menge_id, name, ablaufdatum, gekühlt) values (34, 34, 4, 'Pie Filling - Pumpkin', '2021-08-10 20:56:03', false);
insert into produkt (produkt_id, tablar_id, menge_id, name, ablaufdatum, gekühlt) values (35, 35, 3, 'Syrup - Kahlua Chocolate', '2021-03-10 20:35:35', false);
insert into produkt (produkt_id, tablar_id, menge_id, name, ablaufdatum, gekühlt) values (36, 36, 2, 'Pizza Pizza Dough', '2021-07-24 08:41:57', false);
insert into produkt (produkt_id, tablar_id, menge_id, name, ablaufdatum, gekühlt) values (37, 37, 1, 'Beef - Top Butt', '2021-07-31 04:03:48', false);
insert into produkt (produkt_id, tablar_id, menge_id, name, ablaufdatum, gekühlt) values (38, 38, 5, 'Dr. Pepper - 355ml', '2021-09-04 21:48:35', true);
insert into produkt (produkt_id, tablar_id, menge_id, name, ablaufdatum, gekühlt) values (39, 39, 1, 'Appetizer - Seafood Assortment', '2022-01-06 02:08:26', false);
insert into produkt (produkt_id, tablar_id, menge_id, name, ablaufdatum, gekühlt) values (40, 40, 1, 'Water - Tonic', '2021-10-28 21:55:51', true);
insert into produkt (produkt_id, tablar_id, menge_id, name, ablaufdatum, gekühlt) values (41, 41, 2, 'Cheese - Grie Des Champ', '2021-03-26 18:42:55', false);
insert into produkt (produkt_id, tablar_id, menge_id, name, ablaufdatum, gekühlt) values (42, 42, 2, 'Sugar - Brown, Individual', '2021-06-24 07:00:04', true);
insert into produkt (produkt_id, tablar_id, menge_id, name, ablaufdatum, gekühlt) values (43, 43, 2, 'Quail - Whole, Boneless', '2022-01-18 19:14:51', false);
insert into produkt (produkt_id, tablar_id, menge_id, name, ablaufdatum, gekühlt) values (44, 44, 2, 'Shrimp - Tiger 21/25', '2021-12-07 00:15:40', false);
insert into produkt (produkt_id, tablar_id, menge_id, name, ablaufdatum, gekühlt) values (45, 45, 1, 'Cheese - Brie', '2021-03-29 21:58:11', true);
insert into produkt (produkt_id, tablar_id, menge_id, name, ablaufdatum, gekühlt) values (46, 46, 5, 'Quail Eggs - Canned', '2021-09-29 19:21:39', false);
insert into produkt (produkt_id, tablar_id, menge_id, name, ablaufdatum, gekühlt) values (47, 47, 3, 'Cheese - Cambozola', '2021-07-30 02:40:09', true);
insert into produkt (produkt_id, tablar_id, menge_id, name, ablaufdatum, gekühlt) values (48, 48, 2, 'Wanton Wrap', '2021-09-29 20:54:27', true);
insert into produkt (produkt_id, tablar_id, menge_id, name, ablaufdatum, gekühlt) values (49, 49, 4, 'Plate Foam Laminated 9in Blk', '2021-09-03 18:27:04', true);
insert into produkt (produkt_id, tablar_id, menge_id, name, ablaufdatum, gekühlt) values (50, 50, 2, 'Wine - Cousino Macul Antiguas', '2021-06-11 11:48:43', true);
insert into produkt (produkt_id, tablar_id, menge_id, name, ablaufdatum, gekühlt) values (51, 51, 5, 'Bananas', '2021-05-26 11:12:05', false);
insert into produkt (produkt_id, tablar_id, menge_id, name, ablaufdatum, gekühlt) values (52, 52, 3, 'Cheese - Sheep Milk', '2022-01-13 12:39:17', false);
insert into produkt (produkt_id, tablar_id, menge_id, name, ablaufdatum, gekühlt) values (53, 53, 4, 'Juice - Ocean Spray Cranberry', '2021-09-26 23:21:58', false);
insert into produkt (produkt_id, tablar_id, menge_id, name, ablaufdatum, gekühlt) values (54, 54, 1, 'Coffee Beans - Chocolate', '2021-06-07 21:52:51', false);
insert into produkt (produkt_id, tablar_id, menge_id, name, ablaufdatum, gekühlt) values (55, 55, 2, 'Juice - Orange, Concentrate', '2021-12-03 12:57:41', true);
insert into produkt (produkt_id, tablar_id, menge_id, name, ablaufdatum, gekühlt) values (56, 56, 5, 'Cheese - Goat', '2021-05-01 12:18:09', false);
insert into produkt (produkt_id, tablar_id, menge_id, name, ablaufdatum, gekühlt) values (57, 57, 2, 'Ranchero - Primerba, Paste', '2021-03-06 02:46:05', true);
insert into produkt (produkt_id, tablar_id, menge_id, name, ablaufdatum, gekühlt) values (58, 58, 2, 'Foil - 4oz Custard Cup', '2022-01-20 04:18:06', false);
insert into produkt (produkt_id, tablar_id, menge_id, name, ablaufdatum, gekühlt) values (59, 59, 5, 'Apple - Fuji', '2021-11-30 18:52:33', false);
insert into produkt (produkt_id, tablar_id, menge_id, name, ablaufdatum, gekühlt) values (60, 60, 3, 'Foil Cont Round', '2021-07-31 08:30:13', false);
insert into produkt (produkt_id, tablar_id, menge_id, name, ablaufdatum, gekühlt) values (61, 61, 3, 'Pepper - Chipotle, Canned', '2021-05-16 14:33:01', false);
insert into produkt (produkt_id, tablar_id, menge_id, name, ablaufdatum, gekühlt) values (62, 62, 4, 'Cactus Pads', '2021-04-14 14:25:46', true);
insert into produkt (produkt_id, tablar_id, menge_id, name, ablaufdatum, gekühlt) values (63, 63, 3, 'Snapple - Iced Tea Peach', '2021-05-28 03:20:41', false);
insert into produkt (produkt_id, tablar_id, menge_id, name, ablaufdatum, gekühlt) values (64, 64, 5, 'Soup - Campbells Mac N Cheese', '2021-09-13 16:28:10', false);
insert into produkt (produkt_id, tablar_id, menge_id, name, ablaufdatum, gekühlt) values (65, 65, 2, 'Wiberg Super Cure', '2021-09-21 00:47:27', true);
insert into produkt (produkt_id, tablar_id, menge_id, name, ablaufdatum, gekühlt) values (66, 66, 5, 'Cheese - Gouda Smoked', '2021-12-28 08:14:43', false);
insert into produkt (produkt_id, tablar_id, menge_id, name, ablaufdatum, gekühlt) values (67, 67, 3, 'Lemonade - Mandarin, 591 Ml', '2021-12-23 03:11:31', false);
insert into produkt (produkt_id, tablar_id, menge_id, name, ablaufdatum, gekühlt) values (68, 68, 4, 'Tomato - Plum With Basil', '2021-05-01 02:12:07', true);
insert into produkt (produkt_id, tablar_id, menge_id, name, ablaufdatum, gekühlt) values (69, 69, 2, 'Vermouth - Sweet, Cinzano', '2021-06-20 06:34:50', false);
insert into produkt (produkt_id, tablar_id, menge_id, name, ablaufdatum, gekühlt) values (70, 70, 2, 'Wine - Casillero Del Diablo', '2021-04-28 14:29:01', false);
insert into produkt (produkt_id, tablar_id, menge_id, name, ablaufdatum, gekühlt) values (71, 71, 4, 'Steamers White', '2022-01-21 21:30:56', true);
insert into produkt (produkt_id, tablar_id, menge_id, name, ablaufdatum, gekühlt) values (72, 72, 5, 'Nantuket Peach Orange', '2022-01-25 12:12:39', false);
insert into produkt (produkt_id, tablar_id, menge_id, name, ablaufdatum, gekühlt) values (73, 73, 3, 'Tea - Orange Pekoe', '2021-06-13 06:17:38', false);
insert into produkt (produkt_id, tablar_id, menge_id, name, ablaufdatum, gekühlt) values (74, 74, 2, 'Oil - Canola', '2022-01-18 00:40:07', true);
insert into produkt (produkt_id, tablar_id, menge_id, name, ablaufdatum, gekühlt) values (75, 75, 4, 'Danishes - Mini Cheese', '2021-05-17 13:27:35', false);
insert into produkt (produkt_id, tablar_id, menge_id, name, ablaufdatum, gekühlt) values (76, 76, 1, 'Bread - Rosemary Focaccia', '2021-12-04 03:42:10', false);
insert into produkt (produkt_id, tablar_id, menge_id, name, ablaufdatum, gekühlt) values (77, 77, 1, 'Cheese Cheddar Processed', '2022-01-16 19:30:45', false);
insert into produkt (produkt_id, tablar_id, menge_id, name, ablaufdatum, gekühlt) values (78, 78, 5, 'Food Colouring - Green', '2021-04-05 07:51:10', false);
insert into produkt (produkt_id, tablar_id, menge_id, name, ablaufdatum, gekühlt) values (79, 79, 4, 'Apple - Granny Smith', '2021-03-22 05:11:39', true);
insert into produkt (produkt_id, tablar_id, menge_id, name, ablaufdatum, gekühlt) values (80, 80, 3, 'Soup - Base Broth Beef', '2021-10-02 01:44:47', true);
insert into produkt (produkt_id, tablar_id, menge_id, name, ablaufdatum, gekühlt) values (81, 81, 3, 'Beans - Black Bean, Canned', '2021-02-26 17:14:20', true);
insert into produkt (produkt_id, tablar_id, menge_id, name, ablaufdatum, gekühlt) values (82, 82, 1, 'Sour Cream', '2021-08-05 17:47:15', false);
insert into produkt (produkt_id, tablar_id, menge_id, name, ablaufdatum, gekühlt) values (83, 83, 3, 'Wine - White Cab Sauv.on', '2021-10-13 11:25:03', false);
insert into produkt (produkt_id, tablar_id, menge_id, name, ablaufdatum, gekühlt) values (84, 84, 2, 'Salmon Steak - Cohoe 6 Oz', '2021-11-08 07:58:28', false);
insert into produkt (produkt_id, tablar_id, menge_id, name, ablaufdatum, gekühlt) values (85, 85, 3, 'Pepper - Red Thai', '2021-09-01 20:07:50', false);
insert into produkt (produkt_id, tablar_id, menge_id, name, ablaufdatum, gekühlt) values (86, 86, 4, 'Lumpfish Black', '2021-12-06 02:05:43', true);
insert into produkt (produkt_id, tablar_id, menge_id, name, ablaufdatum, gekühlt) values (87, 87, 4, 'Remy Red Berry Infusion', '2021-02-26 02:29:47', true);
insert into produkt (produkt_id, tablar_id, menge_id, name, ablaufdatum, gekühlt) values (88, 88, 3, 'Iced Tea - Lemon, 340ml', '2021-05-26 11:49:41', false);
insert into produkt (produkt_id, tablar_id, menge_id, name, ablaufdatum, gekühlt) values (89, 89, 3, 'Celery', '2021-09-06 19:13:27', true);
insert into produkt (produkt_id, tablar_id, menge_id, name, ablaufdatum, gekühlt) values (90, 90, 5, 'Fudge - Cream Fudge', '2021-10-30 19:23:27', false);
insert into produkt (produkt_id, tablar_id, menge_id, name, ablaufdatum, gekühlt) values (91, 91, 3, 'Chocolate - Milk, Callets', '2021-07-20 03:57:29', true);
insert into produkt (produkt_id, tablar_id, menge_id, name, ablaufdatum, gekühlt) values (92, 92, 3, 'Wine - Chardonnay Mondavi', '2021-01-31 16:51:38', false);
insert into produkt (produkt_id, tablar_id, menge_id, name, ablaufdatum, gekühlt) values (93, 93, 3, 'Wine - Lou Black Shiraz', '2021-03-01 05:36:16', true);
insert into produkt (produkt_id, tablar_id, menge_id, name, ablaufdatum, gekühlt) values (94, 94, 4, 'Cookie Choc', '2021-10-07 10:47:40', false);
insert into produkt (produkt_id, tablar_id, menge_id, name, ablaufdatum, gekühlt) values (95, 95, 2, 'Truffle - Whole Black Peeled', '2021-07-23 13:03:29', false);
insert into produkt (produkt_id, tablar_id, menge_id, name, ablaufdatum, gekühlt) values (96, 96, 3, 'Bread Crumbs - Japanese Style', '2021-10-31 12:48:15', true);
insert into produkt (produkt_id, tablar_id, menge_id, name, ablaufdatum, gekühlt) values (97, 97, 4, 'Mangostein', '2021-08-21 07:18:02', true);
insert into produkt (produkt_id, tablar_id, menge_id, name, ablaufdatum, gekühlt) values (98, 98, 4, 'Bar Bran Honey Nut', '2021-08-09 07:25:06', true);
insert into produkt (produkt_id, tablar_id, menge_id, name, ablaufdatum, gekühlt) values (99, 99, 5, 'Sausage - Andouille', '2021-03-28 05:21:44', false);
insert into produkt (produkt_id, tablar_id, menge_id, name, ablaufdatum, gekühlt) values (100, 100, 1, 'Trueblue - Blueberry', '2021-06-27 19:48:26', true);

insert into kategorie (kategorie_id, produkt_id, name) values (1, 1, 'Fleisch');
insert into kategorie (kategorie_id, produkt_id, name) values (1, 2, 'Fleisch');
insert into kategorie (kategorie_id, produkt_id, name) values (1, 3, 'Fleisch');
insert into kategorie (kategorie_id, produkt_id, name) values (1, 4, 'Fleisch');
insert into kategorie (kategorie_id, produkt_id, name) values (1, 5, 'Fleisch');
insert into kategorie (kategorie_id, produkt_id, name) values (1, 6, 'Fleisch');
insert into kategorie (kategorie_id, produkt_id, name) values (1, 7, 'Fleisch');
insert into kategorie (kategorie_id, produkt_id, name) values (1, 8, 'Fleisch');
insert into kategorie (kategorie_id, produkt_id, name) values (1, 9, 'Fleisch');
insert into kategorie (kategorie_id, produkt_id, name) values (1, 10, 'Fleisch');
insert into kategorie (kategorie_id, produkt_id, name) values (1, 11, 'Fleisch');
insert into kategorie (kategorie_id, produkt_id, name) values (1, 12, 'Fleisch');
insert into kategorie (kategorie_id, produkt_id, name) values (1, 13, 'Fleisch');
insert into kategorie (kategorie_id, produkt_id, name) values (1, 14, 'Fleisch');
insert into kategorie (kategorie_id, produkt_id, name) values (1, 15, 'Fleisch');
insert into kategorie (kategorie_id, produkt_id, name) values (1, 16, 'Fleisch');
insert into kategorie (kategorie_id, produkt_id, name) values (1, 17, 'Fleisch');
insert into kategorie (kategorie_id, produkt_id, name) values (1, 18, 'Fleisch');
insert into kategorie (kategorie_id, produkt_id, name) values (1, 19, 'Fleisch');
insert into kategorie (kategorie_id, produkt_id, name) values (1, 20, 'Fleisch');

insert into kategorie (kategorie_id, produkt_id, name) values (2, 21, 'Früchte');
insert into kategorie (kategorie_id, produkt_id, name) values (2, 22, 'Früchte');
insert into kategorie (kategorie_id, produkt_id, name) values (2, 23, 'Früchte');
insert into kategorie (kategorie_id, produkt_id, name) values (2, 24, 'Früchte');
insert into kategorie (kategorie_id, produkt_id, name) values (2, 25, 'Früchte');
insert into kategorie (kategorie_id, produkt_id, name) values (2, 26, 'Früchte');
insert into kategorie (kategorie_id, produkt_id, name) values (2, 27, 'Früchte');
insert into kategorie (kategorie_id, produkt_id, name) values (2, 28, 'Früchte');
insert into kategorie (kategorie_id, produkt_id, name) values (2, 29, 'Früchte');
insert into kategorie (kategorie_id, produkt_id, name) values (2, 30, 'Früchte');
insert into kategorie (kategorie_id, produkt_id, name) values (2, 31, 'Früchte');
insert into kategorie (kategorie_id, produkt_id, name) values (2, 32, 'Früchte');
insert into kategorie (kategorie_id, produkt_id, name) values (2, 33, 'Früchte');
insert into kategorie (kategorie_id, produkt_id, name) values (2, 34, 'Früchte');
insert into kategorie (kategorie_id, produkt_id, name) values (2, 35, 'Früchte');
insert into kategorie (kategorie_id, produkt_id, name) values (2, 36, 'Früchte');
insert into kategorie (kategorie_id, produkt_id, name) values (2, 37, 'Früchte');
insert into kategorie (kategorie_id, produkt_id, name) values (2, 38, 'Früchte');
insert into kategorie (kategorie_id, produkt_id, name) values (2, 39, 'Früchte');
insert into kategorie (kategorie_id, produkt_id, name) values (2, 40, 'Früchte');

insert into kategorie (kategorie_id, produkt_id, name) values (3, 41, 'Gemüse');
insert into kategorie (kategorie_id, produkt_id, name) values (3, 42, 'Gemüse');
insert into kategorie (kategorie_id, produkt_id, name) values (3, 43, 'Gemüse');
insert into kategorie (kategorie_id, produkt_id, name) values (3, 44, 'Gemüse');
insert into kategorie (kategorie_id, produkt_id, name) values (3, 45, 'Gemüse');
insert into kategorie (kategorie_id, produkt_id, name) values (3, 46, 'Gemüse');
insert into kategorie (kategorie_id, produkt_id, name) values (3, 47, 'Gemüse');
insert into kategorie (kategorie_id, produkt_id, name) values (3, 48, 'Gemüse');
insert into kategorie (kategorie_id, produkt_id, name) values (3, 49, 'Gemüse');
insert into kategorie (kategorie_id, produkt_id, name) values (3, 50, 'Gemüse');
insert into kategorie (kategorie_id, produkt_id, name) values (3, 51, 'Gemüse');
insert into kategorie (kategorie_id, produkt_id, name) values (3, 52, 'Gemüse');
insert into kategorie (kategorie_id, produkt_id, name) values (3, 53, 'Gemüse');
insert into kategorie (kategorie_id, produkt_id, name) values (3, 54, 'Gemüse');
insert into kategorie (kategorie_id, produkt_id, name) values (3, 55, 'Gemüse');
insert into kategorie (kategorie_id, produkt_id, name) values (3, 56, 'Gemüse');
insert into kategorie (kategorie_id, produkt_id, name) values (3, 57, 'Gemüse');
insert into kategorie (kategorie_id, produkt_id, name) values (3, 58, 'Gemüse');
insert into kategorie (kategorie_id, produkt_id, name) values (3, 59, 'Gemüse');
insert into kategorie (kategorie_id, produkt_id, name) values (3, 60, 'Gemüse');

insert into kategorie (kategorie_id, produkt_id, name) values (4, 51, 'Backwaren');
insert into kategorie (kategorie_id, produkt_id, name) values (4, 52, 'Backwaren');
insert into kategorie (kategorie_id, produkt_id, name) values (4, 53, 'Backwaren');
insert into kategorie (kategorie_id, produkt_id, name) values (4, 54, 'Backwaren');
insert into kategorie (kategorie_id, produkt_id, name) values (4, 55, 'Backwaren');
insert into kategorie (kategorie_id, produkt_id, name) values (4, 56, 'Backwaren');
insert into kategorie (kategorie_id, produkt_id, name) values (4, 57, 'Backwaren');
insert into kategorie (kategorie_id, produkt_id, name) values (4, 58, 'Backwaren');
insert into kategorie (kategorie_id, produkt_id, name) values (4, 59, 'Backwaren');
insert into kategorie (kategorie_id, produkt_id, name) values (4, 60, 'Backwaren');
insert into kategorie (kategorie_id, produkt_id, name) values (4, 61, 'Backwaren');
insert into kategorie (kategorie_id, produkt_id, name) values (4, 62, 'Backwaren');
insert into kategorie (kategorie_id, produkt_id, name) values (4, 63, 'Backwaren');
insert into kategorie (kategorie_id, produkt_id, name) values (4, 64, 'Backwaren');
insert into kategorie (kategorie_id, produkt_id, name) values (4, 65, 'Backwaren');
insert into kategorie (kategorie_id, produkt_id, name) values (4, 66, 'Backwaren');
insert into kategorie (kategorie_id, produkt_id, name) values (4, 67, 'Backwaren');
insert into kategorie (kategorie_id, produkt_id, name) values (4, 68, 'Backwaren');
insert into kategorie (kategorie_id, produkt_id, name) values (4, 69, 'Backwaren');
insert into kategorie (kategorie_id, produkt_id, name) values (4, 70, 'Backwaren');

insert into kategorie (kategorie_id, produkt_id, name) values (5, 71, 'Fisch');
insert into kategorie (kategorie_id, produkt_id, name) values (5, 72, 'Fisch');
insert into kategorie (kategorie_id, produkt_id, name) values (5, 73, 'Fisch');
insert into kategorie (kategorie_id, produkt_id, name) values (5, 74, 'Fisch');
insert into kategorie (kategorie_id, produkt_id, name) values (5, 75, 'Fisch');
insert into kategorie (kategorie_id, produkt_id, name) values (5, 76, 'Fisch');
insert into kategorie (kategorie_id, produkt_id, name) values (5, 77, 'Fisch');
insert into kategorie (kategorie_id, produkt_id, name) values (5, 78, 'Fisch');
insert into kategorie (kategorie_id, produkt_id, name) values (5, 79, 'Fisch');
insert into kategorie (kategorie_id, produkt_id, name) values (5, 80, 'Fisch');
insert into kategorie (kategorie_id, produkt_id, name) values (5, 81, 'Fisch');
insert into kategorie (kategorie_id, produkt_id, name) values (5, 82, 'Fisch');
insert into kategorie (kategorie_id, produkt_id, name) values (5, 83, 'Fisch');
insert into kategorie (kategorie_id, produkt_id, name) values (5, 84, 'Fisch');
insert into kategorie (kategorie_id, produkt_id, name) values (5, 85, 'Fisch');
insert into kategorie (kategorie_id, produkt_id, name) values (5, 86, 'Fisch');
insert into kategorie (kategorie_id, produkt_id, name) values (5, 87, 'Fisch');
insert into kategorie (kategorie_id, produkt_id, name) values (5, 88, 'Fisch');
insert into kategorie (kategorie_id, produkt_id, name) values (5, 89, 'Fisch');
insert into kategorie (kategorie_id, produkt_id, name) values (5, 90, 'Fisch');

insert into kategorie (kategorie_id, produkt_id, name) values (6, 91, 'Getränke');
insert into kategorie (kategorie_id, produkt_id, name) values (6, 92, 'Getränke');
insert into kategorie (kategorie_id, produkt_id, name) values (6, 93, 'Getränke');
insert into kategorie (kategorie_id, produkt_id, name) values (6, 94, 'Getränke');
insert into kategorie (kategorie_id, produkt_id, name) values (6, 95, 'Getränke');
insert into kategorie (kategorie_id, produkt_id, name) values (6, 96, 'Getränke');
insert into kategorie (kategorie_id, produkt_id, name) values (6, 97, 'Getränke');
insert into kategorie (kategorie_id, produkt_id, name) values (6, 98, 'Getränke');
insert into kategorie (kategorie_id, produkt_id, name) values (6, 99, 'Getränke');
insert into kategorie (kategorie_id, produkt_id, name) values (6, 100, 'Getränke');

insert into mitarbeiter (mitarbeiter_id, kategorie_id, name, vorname) values (1, 1, 'Giacubo', 'Livvie');
insert into mitarbeiter (mitarbeiter_id, kategorie_id, name, vorname) values (2, 2, 'Pidon', 'Graeme');
insert into mitarbeiter (mitarbeiter_id, kategorie_id, name, vorname) values (3, 3, 'Cutridge', 'Caitrin');
insert into mitarbeiter (mitarbeiter_id, kategorie_id, name, vorname) values (4, 4, 'Kisting', 'Friedrich');
insert into mitarbeiter (mitarbeiter_id, kategorie_id, name, vorname) values (5, 5, 'Monckton', 'Sax');
insert into mitarbeiter (mitarbeiter_id, kategorie_id, name, vorname) values (6, 6, 'Max', 'Mustermann');