INSERT INTO `ethnicity` (`ethnicity`)
VALUES
    ("black"),
    ("Asian"),
    ("white");

INSERT INTO `plz` (`plz`,`ort`)
VALUES
  (1000,"Nordrhein-Westphalen"),
  (1001,"Baden Württemberg"),
  (1002,"Niedersachsen"),
  (1003,"Hessen"),
  (1004,"Nordrhein-Westphalen"),
  (1005,"Rheinland-Pfalz"),
  (1006,"Baden Württemberg"),
  (1007,"Hamburg"),
  (1008,"Rheinland-Pfalz"),
  (1009,"Schleswig-Holstein"),
  (1010,"Hamburg"),
  (1011,"Mecklenburg-Vorpommern"),
  (1012,"Baden Württemberg"),
  (1013,"Niedersachsen"),
  (1014,"Nordrhein-Westphalen"),
  (1015,"Brandenburg"),
  (1016,"Bremen"),
  (1017,"Sachsen"),
  (1018,"Mecklenburg-Vorpommern"),
  (1019,"Bremen"),
  (1020,"Rheinland-Pfalz"),
  (1021,"Sachsen-Anhalt"),
  (1022,"Hessen"),
  (1023,"Hamburg"),
  (1024,"Rheinland-Pfalz"),
  (1025,"Bayern"),
  (1026,"Berlin"),
  (1027,"Sachsen-Anhalt"),
  (1028,"Hamburg"),
  (1029,"Hessen"),
  (1030,"Hamburg"),
  (1031,"Saarland"),
  (1032,"Berlin"),
  (1033,"Niedersachsen"),
  (1034,"Berlin"),
  (1035,"Bayern"),
  (1036,"Hessen"),
  (1037,"Hessen"),
  (1038,"Niedersachsen"),
  (1039,"Saarland"),
  (1040,"Niedersachsen"),
  (1041,"Rheinland-Pfalz"),
  (1042,"Bremen"),
  (1043,"Saarland"),
  (1044,"Berlin"),
  (1045,"Hessen"),
  (1046,"Bayern"),
  (1047,"Sachsen-Anhalt"),
  (1048,"Baden Württemberg"),
  (1049,"Saarland"),
  (1050,"Sachsen-Anhalt"),
  (1051,"Hessen"),
  (1052,"Schleswig-Holstein"),
  (1053,"Bayern"),
  (1054,"Bremen"),
  (1055,"Sachsen"),
  (1056,"Hessen"),
  (1057,"Saarland"),
  (1058,"Hamburg"),
  (1059,"Hamburg"),
  (1060,"Berlin"),
  (1061,"Baden Württemberg"),
  (1062,"Bayern"),
  (1063,"Sachsen"),
  (1064,"Berlin"),
  (1065,"Hamburg"),
  (1066,"Niedersachsen"),
  (1067,"Saarland"),
  (1068,"Mecklenburg-Vorpommern"),
  (1069,"Nordrhein-Westphalen"),
  (1070,"Saarland"),
  (1071,"Saarland"),
  (1072,"Bayern"),
  (1073,"Niedersachsen"),
  (1074,"Mecklenburg-Vorpommern"),
  (1075,"Hamburg"),
  (1076,"Bremen"),
  (1077,"Berlin"),
  (1078,"Sachsen"),
  (1079,"Hamburg"),
  (1080,"Sachsen"),
  (1081,"Brandenburg"),
  (1082,"Sachsen-Anhalt"),
  (1083,"Sachsen-Anhalt"),
  (1084,"Schleswig-Holstein"),
  (1085,"Rheinland-Pfalz"),
  (1086,"Nordrhein-Westphalen"),
  (1087,"Baden Württemberg"),
  (1088,"Bremen"),
  (1089,"Bayern"),
  (1090,"Saarland"),
  (1091,"Hamburg"),
  (1092,"Niedersachsen"),
  (1093,"Rheinland-Pfalz"),
  (1094,"Berlin"),
  (1095,"Mecklenburg-Vorpommern"),
  (1096,"Rheinland-Pfalz"),
  (1097,"Sachsen-Anhalt"),
  (1098,"Hamburg"),
  (1099,"Baden Württemberg");

INSERT INTO `address` (`plz`,`address`)
VALUES
  (1000,"Ap #311-7423 Quisque Ave"),
  (1001,"780-6266 Donec Avenue"),
  (1002,"8098 Consectetuer Rd."),
  (1003,"370-8510 Molestie Ave"),
  (1004,"P.O. Box 330, 1384 Duis Rd."),
  (1005,"244-7275 Magna. Rd."),
  (1006,"679-555 Proin St."),
  (1007,"P.O. Box 610, 5184 Vivamus St."),
  (1008,"298-1928 Facilisis Avenue"),
  (1009,"756-3348 Consectetuer Rd."),
  (1010,"Ap #979-5982 Mattis. Road"),
  (1011,"Ap #377-8779 Aliquam Rd."),
  (1012,"Ap #697-904 Ultrices. Road"),
  (1013,"Ap #731-9425 Orci Street"),
  (1014,"202-2388 Posuere Road"),
  (1015,"Ap #226-4289 Amet Rd."),
  (1016,"4932 Sed St."),
  (1017,"P.O. Box 713, 1729 Dui. Road"),
  (1018,"Ap #610-4162 In Ave"),
  (1019,"5278 Blandit Street"),
  (1020,"Ap #547-5177 A Rd."),
  (1021,"Ap #202-9468 Faucibus Ave"),
  (1022,"210-4647 Non Rd."),
  (1023,"955-6921 Pretium Road"),
  (1024,"774-8801 Pharetra. St."),
  (1025,"293-293 Neque Street"),
  (1026,"P.O. Box 771, 8057 Sapien. St."),
  (1027,"9389 Velit Road"),
  (1028,"856-2493 Orci. St."),
  (1029,"P.O. Box 487, 1854 Donec Ave"),
  (1030,"Ap #883-7958 Sed Rd."),
  (1031,"P.O. Box 799, 8770 Malesuada Rd."),
  (1032,"6866 Consectetuer Street"),
  (1033,"8948 Quam Rd."),
  (1034,"P.O. Box 874, 7617 Pellentesque Av."),
  (1035,"Ap #583-7744 Placerat. St."),
  (1036,"949-3453 Luctus Ave"),
  (1037,"800-3440 Integer Rd."),
  (1038,"9964 Duis Avenue"),
  (1039,"9364 Pellentesque, Ave"),
  (1040,"213 Ullamcorper Road"),
  (1041,"994-2121 Sapien, Street"),
  (1042,"488-1985 Ligula. Rd."),
  (1043,"143-1381 Aliquam, Rd."),
  (1044,"412-5056 Egestas. Road"),
  (1045,"1300 Et St."),
  (1046,"189-7797 Vel Ave"),
  (1047,"4765 Dolor Rd."),
  (1048,"Ap #946-8293 Hendrerit. Road"),
  (1049,"389-5378 Neque. St."),
  (1050,"771-1214 Mattis Ave"),
  (1051,"Ap #473-3257 Pellentesque Avenue"),
  (1052,"P.O. Box 749, 3526 Ipsum Avenue"),
  (1053,"1384 Aliquet Rd."),
  (1054,"4676 Nostra, Av."),
  (1055,"1009 Elementum, Ave"),
  (1056,"Ap #184-9942 Orci. St."),
  (1057,"586-3455 Molestie Avenue"),
  (1058,"7469 Suspendisse Street"),
  (1059,"P.O. Box 219, 387 Adipiscing Av."),
  (1060,"P.O. Box 575, 1763 Gravida St."),
  (1061,"3966 Donec Street"),
  (1062,"P.O. Box 306, 4285 Neque Avenue"),
  (1063,"P.O. Box 239, 1648 Bibendum Road"),
  (1064,"P.O. Box 602, 8170 Molestie Av."),
  (1065,"P.O. Box 744, 983 Erat Av."),
  (1066,"Ap #776-4778 Interdum Ave"),
  (1067,"Ap #205-5625 Montes, Rd."),
  (1068,"P.O. Box 565, 4475 Dolor Av."),
  (1069,"Ap #118-4820 Morbi Rd."),
  (1070,"Ap #786-8109 At, Av."),
  (1071,"Ap #709-8612 Ipsum Ave"),
  (1072,"Ap #780-2282 Consequat, Rd."),
  (1073,"Ap #216-2435 Ornare Rd."),
  (1074,"196-6509 Nullam St."),
  (1075,"729-7234 Dui, St."),
  (1076,"Ap #384-1523 Non, St."),
  (1077,"Ap #580-3336 Vitae Rd."),
  (1078,"7696 Posuere Av."),
  (1079,"Ap #617-1939 Non Avenue"),
  (1080,"P.O. Box 566, 1868 Luctus St."),
  (1081,"7325 Erat St."),
  (1082,"Ap #102-2352 Proin Rd."),
  (1083,"7566 Duis Road"),
  (1084,"6089 Mi Rd."),
  (1085,"Ap #887-9650 Nec Avenue"),
  (1086,"325-6690 Sem Street"),
  (1087,"Ap #552-1222 Sem Ave"),
  (1088,"P.O. Box 485, 8724 Sed, Av."),
  (1089,"Ap #479-3385 Ac Ave"),
  (1090,"9809 Aliquet, Ave"),
  (1091,"Ap #712-6832 Nisi. Av."),
  (1092,"609-4353 Mauris Av."),
  (1093,"Ap #635-3974 In Street"),
  (1094,"Ap #960-5450 Parturient Rd."),
  (1095,"255-4199 Proin Rd."),
  (1096,"Ap #849-6766 Tellus St."),
  (1097,"327-6898 Integer Rd."),
  (1098,"992-8953 Rutrum Road"),
  (1099,"Ap #117-5118 Cursus. St.");


INSERT INTO `crime` (`crime`,`sentence`,`victim`,`location`,`weapon`)
VALUES
  ("DUI",11,"Dane Hurst","592-1602 Placerat. St.","Spoon"),
  ("Armed Robbery",12,"Jermaine Hall","320-3901 Magna. Rd.","Apache Attack Helicopter"),
  ("Hatespeech",4,"Justin Riggs","Ap #559-3070 Cursus, Street","AK-47"),
  ("Phedophilia",8,"Raya Buckley","Ap #562-6172 Urna, Avenue","Apache Attack Helicopter"),
  ("Rape",3,"Fredericka Casey","3355 Mi St.","Flamethrower"),
  ("Armed Robbery",7,"Lacota Willis","564-8020 Arcu St.","Flamethrower"),
  ("Rape",15,"Wade Price","273-1671 Ullamcorper St.","Rope"),
  ("Phedophilia",15,"Ina Acevedo","Ap #776-2000 Aenean Road","Kitchen Knife"),
  ("Phedophilia",8,"Jessica Hamilton","Ap #958-880 Ornare Rd.","Razorblade"),
  ("Hatespeech",3,"Lance Mack","784-6524 Malesuada. Rd.","Spoon"),
  ("Robbery",14,"Neve Koch","P.O. Box 794, 2352 Tellus St.","P-99"),
  ("Rape",16,"Stone Mcleod","923-5366 Nullam Rd.","Tank"),
  ("Murder",2,"Wesley Greene","P.O. Box 918, 2690 Diam Av.","MP5"),
  ("Fraud",5,"Kaseem Davenport","112-5963 Ultricies Rd.","P-99"),
  ("Sexual Assault",22,"Dai Roberts","5736 Facilisis. Street","Flamethrower"),
  ("Fraud",14,"Clayton Page","590-5971 Enim. Rd.","Spoon"),
  ("Fraud",24,"Hayes Russo","P.O. Box 555, 9281 Adipiscing St.","MP5"),
  ("Stalking",8,"Zelenia Boyle","Ap #796-5597 Sagittis Av.","P-99"),
  ("Robbery",3,"Lance Rosa","P.O. Box 698, 4552 Integer Rd.","P-99"),
  ("Stalking",16,"Mallory Campbell","Ap #587-7832 Lorem Road","Spoon"),
  ("Robbery",1,"Thor Adams","Ap #439-4241 Lorem Street","Apache Attack Helicopter"),
  ("Murder",15,"Callie Gay","Ap #130-8170 Convallis Road","Apache Attack Helicopter"),
  ("Sexual Assault",2,"Melvin Conrad","4087 Enim, Road","Gun"),
  ("Stalking",19,"Clark Morris","Ap #653-1891 Vitae, Street","AK-47"),
  ("Sexual Assault",22,"Malik Bush","9851 Lectus Rd.","AK-47"),
  ("War Crimes",19,"Prescott Carney","943-9658 Ac St.","AK-47"),
  ("Rape",21,"Ivory Robinson","412-3449 Nonummy Ave","Rope"),
  ("Rape",20,"Maxwell Anderson","3107 Accumsan Rd.","Gun"),
  ("Murder",22,"James Pruitt","P.O. Box 955, 3399 Duis Street","MP5"),
  ("Fraud",19,"Asher William","Ap #214-4807 Libero Rd.","Spoon"),
  ("Stalking",21,"Steel Cannon","Ap #998-4601 Arcu. Avenue","Tank"),
  ("Public Urinating",20,"Grant Stewart","6423 Feugiat Rd.","Knife"),
  ("Phedophilia",19,"Nissim Patterson","P.O. Box 569, 931 Nam Ave","AK-47"),
  ("Armed Robbery",21,"Rooney Hendrix","Ap #614-750 Consectetuer St.","AK-47"),
  ("Robbery",3,"Lucius Mendez","262-3658 Magna Av.","Kitchen Knife"),
  ("DUI",2,"Seth Battle","770-9071 Dis St.","P-99"),
  ("Rape",9,"Linus Sargent","568-557 Iaculis Rd.","Luger"),
  ("Robbery",24,"Hop Mendoza","Ap #734-6616 A Av.","Gun"),
  ("Phedophilia",7,"Mona Williams","P.O. Box 623, 4240 Non, Ave","Tank"),
  ("Rape",4,"Deanna Lindsay","Ap #639-5675 Facilisis Avenue","Spoon"),
  ("Hacking",9,"Sonya Raymond","Ap #262-6616 Enim. Ave","Razorblade"),
  ("Public Urinating",8,"Rhea Fernandez","5089 Sed Street","AK-47"),
  ("Phedophilia",16,"Gregory Franks","Ap #819-6807 Proin Rd.","Spoon"),
  ("Public Urinating",8,"Abel Warner","P.O. Box 758, 4366 Eget, St.","Flamethrower"),
  ("Rape",12,"Wanda Miller","Ap #562-7517 Sed, Road","Gun"),
  ("Stalking",3,"Sierra Holloway","Ap #758-8239 Lectus St.","Spoon"),
  ("DUI",15,"Daniel Gregory","Ap #682-2283 Laoreet Rd.","Gun"),
  ("War Crimes",3,"Patrick Greer","5889 Nec Street","Rope"),
  ("Public Urinating",21,"Kitra Nichols","270-8064 Ac Road","Razorblade"),
  ("Hacking",19,"Leo Larsen","2305 Eu Road","Gun"),
  ("Robbery",18,"Eliana Allison","2182 Dictum Rd.","Apache Attack Helicopter"),
  ("DUI",14,"Nicholas Norris","Ap #291-360 Odio. Rd.","Spoon"),
  ("Murder",9,"Acton Sexton","P.O. Box 538, 7372 Convallis Rd.","Gun"),
  ("DUI",24,"Caryn Hansen","870-5835 Lectus. St.","AK-47"),
  ("Stalking",22,"Ursula Todd","Ap #383-8932 Aliquam St.","Razorblade"),
  ("Hacking",1,"Petra Burks","7183 Lorem St.","AK-47"),
  ("War Crimes",8,"Jeanette Vance","709-6125 Ut, Av.","Knife"),
  ("Robbery",9,"Alden O'brien","9309 Eget St.","Tank"),
  ("Hacking",4,"Conan Rosario","Ap #935-7023 Donec Rd.","Kitchen Knife"),
  ("Public Urinating",21,"Geoffrey Frost","P.O. Box 755, 3420 Metus. St.","MP5"),
  ("Murder",21,"Jerry Sanders","Ap #452-2443 Dictum Rd.","Gun"),
  ("Hatespeech",22,"Leilani Blake","572-2662 Donec Av.","P-99"),
  ("War Crimes",12,"Francis Dixon","401-8840 Amet, Rd.","P-99"),
  ("Murder",14,"Venus Rice","Ap #907-1231 Adipiscing Rd.","Rope"),
  ("Phedophilia",15,"Dillon Estes","Ap #695-1300 Elementum Rd.","P-99"),
  ("Armed Robbery",1,"Erich Diaz","Ap #536-4580 Tincidunt Av.","Spoon"),
  ("Murder",6,"Hu Middleton","871-6551 Lectus Rd.","Apache Attack Helicopter"),
  ("DUI",24,"Vera Stanton","5106 Lacus. Rd.","Tank"),
  ("DUI",21,"Kitra Duffy","288-9611 Egestas Street","MP5"),
  ("Fraud",2,"Noel Glenn","P.O. Box 295, 2607 Vivamus Road","Apache Attack Helicopter"),
  ("Robbery",4,"Zachery White","685-5548 A, Rd.","Gun"),
  ("War Crimes",6,"Fatima Reynolds","828-1835 Eget Road","Razorblade"),
  ("Stalking",13,"Jana Foreman","410-9703 Nec St.","Rope"),
  ("Hatespeech",11,"Kennan Stanton","1877 Consequat Street","Gun"),
  ("Armed Robbery",8,"Chase Stafford","269-6801 Integer Rd.","Luger"),
  ("Murder",21,"Avram Mack","Ap #577-6642 Erat. St.","MP5"),
  ("Fraud",2,"Jakeem French","Ap #702-5176 Facilisi. Rd.","Gun"),
  ("DUI",1,"Gray Williams","632-7505 Aliquet Street","Knife"),
  ("Hatespeech",24,"Wynter David","235-4657 Ridiculus Av.","Spoon"),
  ("Robbery",18,"Sean Walker","Ap #418-2178 Ac Rd.","MP5"),
  ("War Crimes",19,"Charlotte Davidson","Ap #323-5100 Dignissim Road","AK-47"),
  ("Hacking",14,"Hilel Meyers","P.O. Box 266, 4244 Rutrum St.","Spoon"),
  ("Rape",11,"Eaton Kim","Ap #713-1852 Lectus Avenue","Flamethrower"),
  ("Public Urinating",4,"Alyssa Wiggins","4044 Nulla Road","P-99"),
  ("Rape",20,"Moses Moreno","Ap #973-1287 Sed St.","Apache Attack Helicopter"),
  ("Stalking",2,"Abigail Powell","Ap #128-6936 Duis Avenue","Luger"),
  ("Hacking",2,"Cecilia Suarez","9050 Odio. Road","Spoon"),
  ("Rape",24,"Leandra Arnold","Ap #841-5515 Est. Av.","AK-47"),
  ("DUI",25,"Norman Blair","252-5880 Adipiscing, Rd.","MP5"),
  ("Robbery",11,"Robert Reynolds","126-7312 Risus. Av.","Apache Attack Helicopter"),
  ("Sexual Assault",15,"Kiona Conway","982-2528 Enim Street","AK-47"),
  ("Fraud",23,"Irene Conner","609-2750 Orci St.","P-99"),
  ("Fraud",16,"Orson Mcmahon","P.O. Box 695, 3165 Sem Avenue","MP5"),
  ("War Crimes",6,"Abel Kennedy","P.O. Box 386, 4395 Risus. Road","Razorblade"),
  ("Robbery",9,"Cathleen Farley","430-5745 Scelerisque St.","Luger"),
  ("Murder",6,"Hop Whitney","1101 Non Ave","Rope"),
  ("Sexual Assault",22,"Anthony Cantrell","Ap #464-401 Tellus Street","P-99"),
  ("War Crimes",6,"Dustin Cross","Ap #329-2270 Vehicula. Av.","AK-47"),
  ("Robbery",1,"Mary Stevenson","P.O. Box 758, 3578 Fringilla Ave","Rope"),
  ("Armed Robbery",12,"Blake Hunt","901-5541 Quis Road","AK-47");


INSERT INTO `criminals` (`address_id`,`crime_id`,`ethnicity_id`,`first_name`,`last_name`,`age`,`height`,`weight`)
VALUES
  (1,1,1,"Orlando","Cole",52,161,124),
  (2,2,2,"Robin","Herring",28,171,149),
  (3,3,3,"Yasir","Melton",49,184,102),
  (4,4,1,"Katell","Lyons",59,180,140),
  (5,5,1,"Callum","Reyes",49,201,125),
  (6,6,1,"Gage","Atkins",78,163,115),
  (7,7,2,"Jordan","Lloyd",46,174,84),
  (8,8,1,"William","Kelly",70,180,73),
  (9,9,2,"Mia","Mendoza",20,186,75),
  (10,10,2,"Avram","Chen",58,195,130),
  (11,11,2,"Erica","Bradshaw",78,177,140),
  (12,12,2,"Wanda","Forbes",89,176,81),
  (13,13,2,"Wilma","Gardner",66,163,90),
  (14,14,2,"Abra","Bray",84,193,95),
  (15,15,2,"Briar","Sawyer",33,162,131),
  (16,16,2,"Violet","Savage",63,180,115),
  (17,17,2,"Jerome","Lopez",70,170,89),
  (18,18,2,"Kirby","Edwards",78,164,112),
  (19,19,2,"Lila","Oliver",72,163,140),
  (20,20,2,"Aiko","Stark",68,180,91),
  (21,21,2,"Mohammad","Rivera",49,173,140),
  (22,22,2,"Zahir","Bond",25,176,83),
  (23,23,2,"Malik","Mccoy",74,150,69),
  (24,24,2,"Palmer","Serrano",43,183,148),
  (25,25,1,"Marah","Hansen",33,187,137),
  (26,26,2,"Calvin","Morse",67,173,108),
  (27,27,2,"Katell","Guthrie",71,166,100),
  (28,28,2,"Haviva","Roman",86,198,139),
  (29,29,3,"Charde","Maddox",59,158,86),
  (30,30,1,"Abdul","Dillard",41,170,81),
  (31,31,1,"Malachi","Pittman",71,196,88),
  (32,32,1,"Adrienne","Dalton",72,155,107),
  (33,33,1,"Tamekah","Blankenship",32,159,56),
  (34,34,1,"Curran","Cain",61,188,86),
  (35,35,1,"Kevin","Orr",69,205,121),
  (36,36,1,"Scarlett","Joyce",77,177,52),
  (37,37,1,"Austin","Workman",43,159,109),
  (38,38,1,"Hermione","Griffith",85,174,81),
  (39,39,1,"Urielle","Suarez",27,153,70),
  (40,40,1,"Holly","Fox",80,198,108),
  (41,41,1,"Constance","Hoffman",86,162,103),
  (42,42,1,"Jamal","Chaney",40,189,92),
  (43,43,1,"Alexis","Higgins",38,164,100),
  (44,44,3,"Hu","Moran",50,199,68),
  (45,45,3,"Cherokee","Benton",54,199,122),
  (46,46,3,"Lael","Leach",28,179,98),
  (47,47,3,"Glenna","Fox",67,191,103),
  (48,48,3,"Teegan","Cummings",88,200,87),
  (49,49,3,"Uriah","Dillard",33,196,75),
  (50,50,3,"Aaron","Barnes",60,187,94),
  (51,51,3,"Travis","Chavez",48,164,115),
  (52,52,3,"Phillip","Simmons",35,193,92),
  (53,53,3,"Neville","Olsen",61,178,115),
  (54,54,3,"Alfonso","Joyner",56,158,65),
  (55,55,3,"Mohammad","Trujillo",81,163,134),
  (56,56,3,"Macon","Parker",89,196,95),
  (57,57,3,"Montana","Vinson",79,164,80),
  (58,58,3,"Keane","Daniels",73,173,130),
  (59,59,3,"Phillip","Sykes",45,172,96),
  (60,60,3,"Bo","Bush",81,200,93),
  (61,61,3,"Ashely","Cooper",53,202,102),
  (62,62,3,"Gloria","Glass",36,199,147),
  (63,63,3,"Chiquita","Blankenship",59,206,135),
  (64,64,3,"Chaim","Gillespie",48,209,56),
  (65,65,3,"Lysandra","Melendez",69,151,83),
  (66,66,3,"Adrian","Cote",84,178,57),
  (67,67,3,"Colorado","Prince",25,166,118),
  (68,68,3,"Erin","Holden",41,198,143),
  (69,69,3,"Emerson","Hurst",62,207,62),
  (70,70,3,"Myra","Clark",49,152,94),
  (71,71,3,"Alec","Rollins",37,186,143),
  (72,72,3,"Dennis","Oneal",62,171,65),
  (73,73,1,"Ciara","Peterson",55,188,106),
  (74,74,1,"Amanda","Faulkner",29,162,150),
  (75,75,1,"Dai","Murphy",64,202,149),
  (76,76,1,"Helen","Phillips",24,160,91),
  (77,77,1,"Victor","Daugherty",37,186,135),
  (78,78,1,"Kasper","Barr",76,182,65),
  (79,79,1,"Noah","Lara",76,198,134),
  (80,80,1,"Briar","Hunter",29,188,76),
  (81,81,1,"Pamela","Melendez",83,199,74),
  (82,82,1,"Zachery","Brewer",37,174,141),
  (83,83,1,"Nichole","Edwards",80,164,70),
  (84,84,1,"Mikayla","Sykes",33,181,81),
  (85,85,1,"Fritz","Mcneil",51,178,103),
  (86,86,1,"Christen","Dudley",19,180,89),
  (87,87,1,"Robin","Petersen",49,207,139),
  (88,88,1,"Susan","Finch",68,193,72),
  (89,89,1,"Emerald","Cantrell",60,173,136),
  (90,90,1,"Mari","Fleming",31,163,142),
  (91,91,1,"Otto","Frazier",84,180,135),
  (92,92,1,"Zeph","Kramer",20,154,126),
  (93,93,1,"Davis","Burks",79,193,136),
  (94,94,1,"Len","Hopper",68,199,70),
  (95,95,1,"Arthur","Brown",23,208,135),
  (96,96,1,"Cassidy","Booth",35,163,136),
  (97,97,1,"Scarlet","Morris",20,161,76),
  (98,98,1,"Phoebe","Owen",40,177,71),
  (99,99,1,"Amy","Newman",37,209,100),
  (100,100,1,"Elmo","Chaney",73,182,61);